id;acc;crs;name
0;0.9600;0.5702;tench___Tinca_tinca
1;0.9800;0.5947;goldfish___Carassius_auratus
2;0.9800;0.8052;great_white_shark___white_shark___man-eater___man-eating_shark___Carcharodon_carcharias
3;0.9600;0.7529;tiger_shark___Galeocerdo_cuvieri
4;0.9600;0.6236;hammerhead___hammerhead_shark
5;0.9000;0.7947;electric_ray___crampfish___numbfish___torpedo
6;0.9400;0.6725;stingray
7;0.9600;0.7552;cock
8;0.9400;0.7223;hen
9;1.0000;0.7288;ostrich___Struthio_camelus
10;1.0000;0.5282;brambling___Fringilla_montifringilla
11;1.0000;0.4758;goldfinch___Carduelis_carduelis
12;0.9600;0.5631;house_finch___linnet___Carpodacus_mexicanus
13;1.0000;0.5211;junco___snowbird
14;1.0000;0.4189;indigo_bunting___indigo_finch___indigo_bird___Passerina_cyanea
15;1.0000;0.5456;robin___American_robin___Turdus_migratorius
16;0.9400;0.6073;bulbul
17;0.9800;0.6589;jay
18;0.9800;0.6121;magpie
19;1.0000;0.5849;chickadee
20;0.9400;0.4002;water_ouzel___dipper
21;0.9800;0.6526;kite
22;1.0000;0.6959;bald_eagle___American_eagle___Haliaeetus_leucocephalus
23;1.0000;0.6542;vulture
24;0.9800;0.7171;great_grey_owl___great_gray_owl___Strix_nebulosa
25;1.0000;0.6748;European_fire_salamander___Salamandra_salamandra
26;0.9600;0.7679;common_newt___Triturus_vulgaris
27;0.9400;0.5067;eft
28;0.9800;0.6518;spotted_salamander___Ambystoma_maculatum
29;0.9800;0.7403;axolotl___mud_puppy___Ambystoma_mexicanum
30;0.9000;0.7148;bullfrog___Rana_catesbeiana
31;1.0000;0.6793;tree_frog___tree-frog
32;0.8600;0.6364;tailed_frog___bell_toad___ribbed_toad___tailed_toad___Ascaphus_trui
33;0.9200;0.7008;loggerhead___loggerhead_turtle___Caretta_caretta
34;0.8800;0.6033;leatherback_turtle___leatherback___leathery_turtle___Dermochelys_coriacea
35;0.9400;0.7455;mud_turtle
36;1.0000;0.8192;terrapin
37;1.0000;0.7827;box_turtle___box_tortoise
38;0.9200;0.7609;banded_gecko
39;1.0000;0.8478;common_iguana___iguana___Iguana_iguana
40;1.0000;0.6901;American_chameleon___anole___Anolis_carolinensis
41;0.9600;0.7391;whiptail___whiptail_lizard
42;0.9600;0.7830;agama
43;0.9800;0.8438;frilled_lizard___Chlamydosaurus_kingi
44;0.8200;0.7228;alligator_lizard
45;0.9600;0.6275;Gila_monster___Heloderma_suspectum
46;0.9600;0.6788;green_lizard___Lacerta_viridis
47;0.8800;0.8221;African_chameleon___Chamaeleo_chamaeleon
48;1.0000;0.7894;Komodo_dragon___Komodo_lizard___dragon_lizard___giant_lizard___Varanus_komodoensis
49;0.9000;0.6213;African_crocodile___Nile_crocodile___Crocodylus_niloticus
50;0.9600;0.7570;American_alligator___Alligator_mississipiensis
51;0.9800;0.8788;triceratops
52;0.9600;0.6867;thunder_snake___worm_snake___Carphophis_amoenus
53;0.9600;0.6873;ringneck_snake___ring-necked_snake___ring_snake
54;0.8600;0.8281;hognose_snake___puff_adder___sand_viper
55;0.9600;0.7084;green_snake___grass_snake
56;0.9600;0.7705;king_snake___kingsnake
57;0.9800;0.7854;garter_snake___grass_snake
58;0.9200;0.5763;water_snake
59;0.8800;0.6455;vine_snake
60;0.9400;0.7774;night_snake___Hypsiglena_torquata
61;0.9400;0.8387;boa_constrictor___Constrictor_constrictor
62;0.8600;0.7393;rock_python___rock_snake___Python_sebae
63;0.9800;0.8320;Indian_cobra___Naja_naja
64;0.8800;0.6802;green_mamba
65;0.8800;0.5851;sea_snake
66;0.9000;0.7892;horned_viper___cerastes___sand_viper___horned_asp___Cerastes_cornutus
67;0.9400;0.7238;diamondback___diamondback_rattlesnake___Crotalus_adamanteus
68;0.8400;0.7232;sidewinder___horned_rattlesnake___Crotalus_cerastes
69;1.0000;0.5492;trilobite
70;1.0000;0.8787;harvestman___daddy_longlegs___Phalangium_opilio
71;0.9800;0.7449;scorpion
72;1.0000;0.6920;black_and_gold_garden_spider___Argiope_aurantia
73;0.9200;0.6463;barn_spider___Araneus_cavaticus
74;0.9600;0.6571;garden_spider___Aranea_diademata
75;0.9800;0.7293;black_widow___Latrodectus_mactans
76;1.0000;0.8171;tarantula
77;0.9400;0.8698;wolf_spider___hunting_spider
78;0.8800;0.7672;tick
79;0.9600;0.7159;centipede
80;0.9600;0.5381;black_grouse
81;0.9200;0.5233;ptarmigan
82;1.0000;0.7127;ruffed_grouse___partridge___Bonasa_umbellus
83;0.9600;0.5971;prairie_chicken___prairie_grouse___prairie_fowl
84;0.9800;0.7920;peacock
85;0.9600;0.5915;quail
86;1.0000;0.6176;partridge
87;0.9800;0.7971;African_grey___African_gray___Psittacus_erithacus
88;0.9800;0.8412;macaw
89;0.9600;0.6848;sulphur-crested_cockatoo___Kakatoe_galerita___Cacatua_galerita
90;1.0000;0.7540;lorikeet
91;0.9200;0.6293;coucal
92;1.0000;0.5890;bee_eater
93;0.9800;0.7594;hornbill
94;0.9600;0.5791;hummingbird
95;0.9400;0.6645;jacamar
96;0.9600;0.7088;toucan
97;0.9800;0.6701;drake
98;1.0000;0.4830;red-breasted_merganser___Mergus_serrator
99;0.9800;0.6302;goose
100;1.0000;0.6578;black_swan___Cygnus_atratus
101;0.9400;0.7542;tusker
102;1.0000;0.6621;echidna___spiny_anteater___anteater
103;0.8800;0.5312;platypus___duckbill___duckbilled_platypus___duck-billed_platypus___Ornithorhynchus_anatinus
104;0.9200;0.6885;wallaby___brush_kangaroo
105;0.9200;0.7764;koala___koala_bear___kangaroo_bear___native_bear___Phascolarctos_cinereus
106;0.9000;0.7044;wombat
107;0.9400;0.5925;jellyfish
108;0.9000;0.7748;sea_anemone___anemone
109;1.0000;0.7666;brain_coral
110;0.9800;0.5701;flatworm___platyhelminth
111;0.9600;0.7467;nematode___nematode_worm___roundworm
112;0.9400;0.8095;conch
113;0.9400;0.6214;snail
114;0.8600;0.6310;slug
115;1.0000;0.6761;sea_slug___nudibranch
116;1.0000;0.6488;chiton___coat-of-mail_shell___sea_cradle___polyplacophore
117;0.9200;0.7813;chambered_nautilus___pearly_nautilus___nautilus
118;0.9600;0.8016;Dungeness_crab___Cancer_magister
119;0.8600;0.5826;rock_crab___Cancer_irroratus
120;0.9600;0.7314;fiddler_crab
121;0.9400;0.8027;king_crab___Alaska_crab___Alaskan_king_crab___Alaska_king_crab___Paralithodes_camtschatica
122;0.9800;0.8508;American_lobster___Northern_lobster___Maine_lobster___Homarus_americanus
123;0.9200;0.7900;spiny_lobster___langouste___rock_lobster___crawfish___crayfish___sea_crawfish
124;0.9200;0.7992;crayfish___crawfish___crawdad___crawdaddy
125;1.0000;0.7008;hermit_crab
126;0.8600;0.6404;isopod
127;0.9400;0.4670;white_stork___Ciconia_ciconia
128;0.9600;0.5614;black_stork___Ciconia_nigra
129;1.0000;0.7301;spoonbill
130;1.0000;0.7303;flamingo
131;0.9600;0.6839;little_blue_heron___Egretta_caerulea
132;0.9800;0.5744;American_egret___great_white_heron___Egretta_albus
133;0.9400;0.6610;bittern
134;0.0000;0.7797;crane
135;1.0000;0.7567;limpkin___Aramus_pictus
136;0.9800;0.6342;European_gallinule___Porphyrio_porphyrio
137;0.9800;0.4592;American_coot___marsh_hen___mud_hen___water_hen___Fulica_americana
138;0.9800;0.6896;bustard
139;1.0000;0.6512;ruddy_turnstone___Arenaria_interpres
140;1.0000;0.5433;red-backed_sandpiper___dunlin___Erolia_alpina
141;0.9600;0.4963;redshank___Tringa_totanus
142;1.0000;0.6054;dowitcher
143;0.9800;0.5327;oystercatcher___oyster_catcher
144;1.0000;0.7175;pelican
145;0.9800;0.6405;king_penguin___Aptenodytes_patagonica
146;1.0000;0.6609;albatross___mollymawk
147;0.9800;0.5543;grey_whale___gray_whale___devilfish___Eschrichtius_gibbosus___Eschrichtius_robustus
148;1.0000;0.4225;killer_whale___killer___orca___grampus___sea_wolf___Orcinus_orca
149;0.9600;0.7427;dugong___Dugong_dugon
150;0.9200;0.6011;sea_lion
151;0.9400;0.8481;Chihuahua
152;0.9800;0.8403;Japanese_spaniel
153;0.9600;0.8498;Maltese_dog___Maltese_terrier___Maltese
154;0.9600;0.8444;Pekinese___Pekingese___Peke
155;0.9600;0.8395;Shih-Tzu
156;1.0000;0.8304;Blenheim_spaniel
157;0.9600;0.8587;papillon
158;1.0000;0.8144;toy_terrier
159;0.9800;0.7842;Rhodesian_ridgeback
160;1.0000;0.7735;Afghan_hound___Afghan
161;0.9200;0.8188;basset___basset_hound
162;0.9800;0.8180;beagle
163;0.7600;0.8324;bloodhound___sleuthhound
164;0.9600;0.8630;bluetick
165;0.9400;0.8314;black-and-tan_coonhound
166;1.0000;0.8660;Walker_hound___Walker_foxhound
167;0.8600;0.8570;English_foxhound
168;0.9600;0.8519;redbone
169;1.0000;0.8172;borzoi___Russian_wolfhound
170;0.8600;0.8344;Irish_wolfhound
171;0.9600;0.8424;Italian_greyhound
172;0.9800;0.7962;whippet
173;0.9400;0.7587;Ibizan_hound___Ibizan_Podenco
174;1.0000;0.8086;Norwegian_elkhound___elkhound
175;0.8800;0.8513;otterhound___otter_hound
176;0.9800;0.7712;Saluki___gazelle_hound
177;1.0000;0.7948;Scottish_deerhound___deerhound
178;0.9600;0.8150;Weimaraner
179;0.9800;0.8559;Staffordshire_bullterrier___Staffordshire_bull_terrier
180;0.9200;0.8893;American_Staffordshire_terrier___Staffordshire_terrier___American_pit_bull_terrier___pit_bull_terrier
181;0.9800;0.7882;Bedlington_terrier
182;0.9400;0.7938;Border_terrier
183;0.9600;0.8416;Kerry_blue_terrier
184;0.9800;0.7986;Irish_terrier
185;0.9400;0.7616;Norfolk_terrier
186;0.9800;0.8157;Norwich_terrier
187;0.8800;0.7953;Yorkshire_terrier
188;0.9800;0.7733;wire-haired_fox_terrier
189;0.9600;0.7756;Lakeland_terrier
190;0.9800;0.8607;Sealyham_terrier___Sealyham
191;0.9000;0.7976;Airedale___Airedale_terrier
192;0.9600;0.7474;cairn___cairn_terrier
193;0.9200;0.8030;Australian_terrier
194;0.9400;0.8691;Dandie_Dinmont___Dandie_Dinmont_terrier
195;1.0000;0.8111;Boston_bull___Boston_terrier
196;0.9600;0.8204;miniature_schnauzer
197;1.0000;0.8064;giant_schnauzer
198;1.0000;0.8740;standard_schnauzer
199;0.9800;0.7978;Scotch_terrier___Scottish_terrier___Scottie
200;1.0000;0.8302;Tibetan_terrier___chrysanthemum_dog
201;0.9800;0.7945;silky_terrier___Sydney_silky
202;1.0000;0.8469;soft-coated_wheaten_terrier
203;1.0000;0.7679;West_Highland_white_terrier
204;0.9800;0.8703;Lhasa___Lhasa_apso
205;0.9600;0.8000;flat-coated_retriever
206;0.9600;0.7305;curly-coated_retriever
207;0.9800;0.8280;golden_retriever
208;0.9600;0.8396;Labrador_retriever
209;0.9600;0.7735;Chesapeake_Bay_retriever
210;0.9400;0.8029;German_short-haired_pointer
211;0.9600;0.7977;vizsla___Hungarian_pointer
212;0.9400;0.8466;English_setter
213;0.9400;0.8592;Irish_setter___red_setter
214;0.9400;0.8059;Gordon_setter
215;0.9800;0.7964;Brittany_spaniel
216;0.9800;0.8503;clumber___clumber_spaniel
217;1.0000;0.7643;English_springer___English_springer_spaniel
218;1.0000;0.8310;Welsh_springer_spaniel
219;0.9600;0.8581;cocker_spaniel___English_cocker_spaniel___cocker
220;0.9200;0.7281;Sussex_spaniel
221;0.9800;0.7609;Irish_water_spaniel
222;0.9800;0.8320;kuvasz
223;0.9800;0.7331;schipperke
224;0.9600;0.8018;groenendael
225;0.9800;0.8406;malinois
226;0.7800;0.8091;briard
227;0.9400;0.8488;kelpie
228;0.9600;0.8082;komondor
229;0.9800;0.8375;Old_English_sheepdog___bobtail
230;0.9600;0.7939;Shetland_sheepdog___Shetland_sheep_dog___Shetland
231;0.9600;0.8573;collie
232;0.9400;0.8065;Border_collie
233;0.9200;0.7952;Bouvier_des_Flandres___Bouviers_des_Flandres
234;1.0000;0.8255;Rottweiler
235;1.0000;0.8508;German_shepherd___German_shepherd_dog___German_police_dog___alsatian
236;0.9800;0.7504;Doberman___Doberman_pinscher
237;0.9600;0.8115;miniature_pinscher
238;0.9600;0.7823;Greater_Swiss_Mountain_dog
239;1.0000;0.8029;Bernese_mountain_dog
240;1.0000;0.7842;Appenzeller
241;0.9800;0.8409;EntleBucher
242;0.9800;0.8250;boxer
243;1.0000;0.8922;bull_mastiff
244;1.0000;0.8845;Tibetan_mastiff
245;1.0000;0.8334;French_bulldog
246;0.8600;0.8584;Great_Dane
247;0.9800;0.8198;Saint_Bernard___St_Bernard
248;0.9600;0.8507;Eskimo_dog___husky
249;0.9600;0.8083;malamute___malemute___Alaskan_malamute
250;0.9800;0.8230;Siberian_husky
251;0.9800;0.8056;dalmatian___coach_dog___carriage_dog
252;0.9600;0.8378;affenpinscher___monkey_pinscher___monkey_dog
253;1.0000;0.8441;basenji
254;1.0000;0.7684;pug___pug-dog
255;1.0000;0.8762;Leonberg
256;0.9400;0.8333;Newfoundland___Newfoundland_dog
257;0.9200;0.8388;Great_Pyrenees
258;1.0000;0.7949;Samoyed___Samoyede
259;1.0000;0.8744;Pomeranian
260;0.9800;0.8466;chow___chow_chow
261;0.9800;0.8655;keeshond
262;1.0000;0.8649;Brabancon_griffon
263;0.9800;0.7770;Pembroke___Pembroke_Welsh_corgi
264;1.0000;0.8011;Cardigan___Cardigan_Welsh_corgi
265;0.9800;0.8078;toy_poodle
266;0.9400;0.8327;miniature_poodle
267;1.0000;0.8006;standard_poodle
268;1.0000;0.8810;Mexican_hairless
269;0.9400;0.8216;timber_wolf___grey_wolf___gray_wolf___Canis_lupus
270;0.9800;0.7581;white_wolf___Arctic_wolf___Canis_lupus_tundrarum
271;0.9600;0.8350;red_wolf___maned_wolf___Canis_rufus___Canis_niger
272;0.9000;0.7494;coyote___prairie_wolf___brush_wolf___Canis_latrans
273;0.9000;0.7277;dingo___warrigal___warragal___Canis_dingo
274;0.9800;0.7818;dhole___Cuon_alpinus
275;1.0000;0.8062;African_hunting_dog___hyena_dog___Cape_hunting_dog___Lycaon_pictus
276;0.9800;0.6969;hyena___hyaena
277;0.9400;0.7950;red_fox___Vulpes_vulpes
278;0.9800;0.7200;kit_fox___Vulpes_macrotis
279;1.0000;0.8084;Arctic_fox___white_fox___Alopex_lagopus
280;0.9600;0.7646;grey_fox___gray_fox___Urocyon_cinereoargenteus
281;0.9600;0.8907;tabby___tabby_cat
282;0.9600;0.8793;tiger_cat
283;1.0000;0.9249;Persian_cat
284;0.9800;0.9138;Siamese_cat___Siamese
285;0.8800;0.8232;Egyptian_cat
286;0.9600;0.8526;cougar___puma___catamount___mountain_lion___painter___panther___Felis_concolor
287;0.9200;0.8611;lynx___catamount
288;1.0000;0.8819;leopard___Panthera_pardus
289;0.9800;0.8754;snow_leopard___ounce___Panthera_uncia
290;0.9800;0.8799;jaguar___panther___Panthera_onca___Felis_onca
291;1.0000;0.8994;lion___king_of_beasts___Panthera_leo
292;1.0000;0.8827;tiger___Panthera_tigris
293;0.9800;0.8226;cheetah___chetah___Acinonyx_jubatus
294;0.9600;0.7610;brown_bear___bruin___Ursus_arctos
295;1.0000;0.7546;American_black_bear___black_bear___Ursus_americanus___Euarctos_americanus
296;0.9800;0.6930;ice_bear___polar_bear___Ursus_Maritimus___Thalarctos_maritimus
297;0.9200;0.8207;sloth_bear___Melursus_ursinus___Ursus_ursinus
298;0.9400;0.6378;mongoose
299;0.9800;0.7263;meerkat___mierkat
300;0.9600;0.7830;tiger_beetle
301;0.9800;0.3267;ladybug___ladybeetle___lady_beetle___ladybird___ladybird_beetle
302;0.9600;0.8753;ground_beetle___carabid_beetle
303;0.9400;0.8123;long-horned_beetle___longicorn___longicorn_beetle
304;0.9800;0.4786;leaf_beetle___chrysomelid
305;0.9600;0.4132;dung_beetle
306;0.9600;0.7704;rhinoceros_beetle
307;1.0000;0.6781;weevil
308;0.9600;0.7337;fly
309;0.9800;0.4295;bee
310;0.9000;0.6996;ant___emmet___pismire
311;0.9600;0.7977;grasshopper___hopper
312;0.9800;0.8202;cricket
313;0.9600;0.8339;walking_stick___walkingstick___stick_insect
314;0.8400;0.5261;cockroach___roach
315;0.9400;0.8568;mantis___mantid
316;0.9800;0.7230;cicada___cicala
317;1.0000;0.6352;leafhopper
318;0.9400;0.7673;lacewing___lacewing_fly
319;1.0000;0.7565;dragonfly___darning_needle___devil's_darning_needle___sewing_needle___snake_feeder___snake_doctor___mosquito_hawk___skeeter_hawk
320;1.0000;0.6763;damselfly
321;0.9800;0.7399;admiral
322;1.0000;0.5496;ringlet___ringlet_butterfly
323;0.9400;0.6076;monarch___monarch_butterfly___milkweed_butterfly___Danaus_plexippus
324;1.0000;0.5902;cabbage_butterfly
325;1.0000;0.6656;sulphur_butterfly___sulfur_butterfly
326;1.0000;0.7028;lycaenid___lycaenid_butterfly
327;0.9800;0.7622;starfish___sea_star
328;0.9600;0.7388;sea_urchin
329;0.9200;0.6445;sea_cucumber___holothurian
330;0.9600;0.7300;wood_rabbit___cottontail___cottontail_rabbit
331;1.0000;0.7135;hare
332;1.0000;0.8264;Angora___Angora_rabbit
333;1.0000;0.7799;hamster
334;0.9400;0.7625;porcupine___hedgehog
335;0.9200;0.7029;fox_squirrel___eastern_fox_squirrel___Sciurus_niger
336;0.9200;0.5209;marmot
337;0.9800;0.6914;beaver
338;0.9600;0.7424;guinea_pig___Cavia_cobaya
339;0.9800;0.8447;sorrel
340;0.9800;0.7960;zebra
341;0.9200;0.6795;hog___pig___grunter___squealer___Sus_scrofa
342;0.9800;0.7131;wild_boar___boar___Sus_scrofa
343;0.9800;0.7033;warthog
344;0.9800;0.6938;hippopotamus___hippo___river_horse___Hippopotamus_amphibius
345;0.9600;0.6576;ox
346;0.9800;0.6068;water_buffalo___water_ox___Asiatic_buffalo___Bubalus_bubalis
347;0.9800;0.7238;bison
348;0.9800;0.7777;ram___tup
349;1.0000;0.6663;bighorn___bighorn_sheep___cimarron___Rocky_Mountain_bighorn___Rocky_Mountain_sheep___Ovis_canadensis
350;1.0000;0.6509;ibex___Capra_ibex
351;1.0000;0.5937;hartebeest
352;0.9800;0.6345;impala___Aepyceros_melampus
353;0.9800;0.5725;gazelle
354;0.9600;0.7567;Arabian_camel___dromedary___Camelus_dromedarius
355;0.9400;0.8288;llama
356;0.9800;0.7441;weasel
357;0.9400;0.6071;mink
358;0.9600;0.7912;polecat___fitch___foulmart___foumart___Mustela_putorius
359;1.0000;0.7154;black-footed_ferret___ferret___Mustela_nigripes
360;0.9600;0.7424;otter
361;0.9400;0.6852;skunk___polecat___wood_pussy
362;0.9800;0.7882;badger
363;0.9400;0.6778;armadillo
364;1.0000;0.7275;three-toed_sloth___ai___Bradypus_tridactylus
365;0.9600;0.8621;orangutan___orang___orangutang___Pongo_pygmaeus
366;0.9800;0.8760;gorilla___Gorilla_gorilla
367;0.9600;0.8506;chimpanzee___chimp___Pan_troglodytes
368;0.9400;0.8616;gibbon___Hylobates_lar
369;0.9600;0.8709;siamang___Hylobates_syndactylus___Symphalangus_syndactylus
370;0.9600;0.8285;guenon___guenon_monkey
371;0.9200;0.7933;patas___hussar_monkey___Erythrocebus_patas
372;1.0000;0.7783;baboon
373;0.9400;0.8526;macaque
374;0.9000;0.8462;langur
375;0.9400;0.7475;colobus___colobus_monkey
376;1.0000;0.7656;proboscis_monkey___Nasalis_larvatus
377;0.8600;0.7638;marmoset
378;0.9200;0.6544;capuchin___ringtail___Cebus_capucinus
379;0.9800;0.7509;howler_monkey___howler
380;0.9600;0.6972;titi___titi_monkey
381;0.9000;0.7709;spider_monkey___Ateles_geoffroyi
382;0.9200;0.8038;squirrel_monkey___Saimiri_sciureus
383;0.9600;0.7655;Madagascar_cat___ring-tailed_lemur___Lemur_catta
384;0.9800;0.6737;indri___indris___Indri_indri___Indri_brevicaudatus
385;0.9800;0.8384;Indian_elephant___Elephas_maximus
386;0.9800;0.8355;African_elephant___Loxodonta_africana
387;0.9600;0.8029;lesser_panda___red_panda___panda___bear_cat___cat_bear___Ailurus_fulgens
388;0.9600;0.7736;giant_panda___panda___panda_bear___coon_bear___Ailuropoda_melanoleuca
389;0.9400;0.6342;barracouta___snoek
390;0.8600;0.6867;eel
391;0.9800;0.4689;coho___cohoe___coho_salmon___blue_jack___silver_salmon___Oncorhynchus_kisutch
392;1.0000;0.5744;rock_beauty___Holocanthus_tricolor
393;0.9800;0.3694;anemone_fish
394;0.9800;0.6255;sturgeon
395;0.9400;0.5904;gar___garfish___garpike___billfish___Lepisosteus_osseus
396;0.9600;0.8565;lionfish
397;1.0000;0.7068;puffer___pufferfish___blowfish___globefish
398;0.8600;0.7931;abacus
399;0.9800;0.8648;abaya
400;0.9200;0.6010;academic_gown___academic_robe___judge's_robe
401;0.9200;0.6001;accordion___piano_accordion___squeeze_box
402;0.9200;0.6605;acoustic_guitar
403;0.9800;0.7128;aircraft_carrier___carrier___flattop___attack_aircraft_carrier
404;1.0000;0.6915;airliner
405;0.8800;0.3043;airship___dirigible
406;0.9600;0.7318;altar
407;0.9800;0.9011;ambulance
408;0.9200;0.7846;amphibian___amphibious_vehicle
409;0.9800;0.7834;analog_clock
410;0.9400;0.5766;apiary___bee_house
411;0.9000;0.8456;apron
412;0.9000;0.6801;ashcan___trash_can___garbage_can___wastebin___ash_bin___ash-bin___ashbin___dustbin___trash_barrel___trash_bin
413;0.9200;0.6224;assault_rifle___assault_gun
414;0.7000;0.7457;backpack___back_pack___knapsack___packsack___rucksack___haversack
415;0.7400;0.8180;bakery___bakeshop___bakehouse
416;1.0000;0.2206;balance_beam___beam
417;0.9800;0.6393;balloon
418;0.9400;0.6316;ballpoint___ballpoint_pen___ballpen___Biro
419;0.9400;0.3510;Band_Aid
420;1.0000;0.7435;banjo
421;0.9600;0.8179;bannister___banister___balustrade___balusters___handrail
422;0.9400;0.4510;barbell
423;0.9800;0.6534;barber_chair
424;0.9200;0.8938;barbershop
425;0.9600;0.6827;barn
426;1.0000;0.8516;barometer
427;0.9200;0.7373;barrel___cask
428;0.9000;0.7537;barrow___garden_cart___lawn_cart___wheelbarrow
429;0.9800;0.3439;baseball
430;0.9800;0.0567;basketball
431;0.9200;0.9253;bassinet
432;1.0000;0.6441;bassoon
433;0.9400;0.1851;bathing_cap___swimming_cap
434;0.8400;0.8569;bath_towel
435;0.9000;0.7302;bathtub___bathing_tub___bath___tub
436;0.8200;0.7972;beach_wagon___station_wagon___wagon___estate_car___beach_waggon___station_waggon___waggon
437;0.9400;0.2774;beacon___lighthouse___beacon_light___pharos
438;0.7600;0.6471;beaker
439;0.9400;0.1763;bearskin___busby___shako
440;0.9200;0.6356;beer_bottle
441;0.9600;0.6891;beer_glass
442;1.0000;0.3164;bell_cote___bell_cot
443;0.8600;0.7410;bib
444;0.9800;0.7982;bicycle-built-for-two___tandem_bicycle___tandem
445;0.9000;0.4611;bikini___two-piece
446;0.9400;0.8700;binder___ring-binder
447;0.8600;0.4651;binoculars___field_glasses___opera_glasses
448;0.9600;0.7554;birdhouse
449;1.0000;0.4438;boathouse
450;0.9800;0.5574;bobsled___bobsleigh___bob
451;0.9200;0.8483;bolo_tie___bolo___bola_tie___bola
452;0.8800;0.7623;bonnet___poke_bonnet
453;0.9200;0.8349;bookcase
454;0.8800;0.9425;bookshop___bookstore___bookstall
455;0.8800;0.4770;bottlecap
456;0.8600;0.6378;bow
457;0.9600;0.2614;bow_tie___bow-tie___bowtie
458;0.9600;0.6886;brass___memorial_tablet___plaque
459;0.8400;0.5077;brassiere___bra___bandeau
460;0.9400;0.5137;breakwater___groin___groyne___mole___bulwark___seawall___jetty
461;0.9400;0.7129;breastplate___aegis___egis
462;0.9000;0.7343;broom
463;0.8600;0.7115;bucket___pail
464;0.7400;0.5165;buckle
465;0.8200;0.6353;bulletproof_vest
466;1.0000;0.6575;bullet_train___bullet
467;1.0000;0.9017;butcher_shop___meat_market
468;0.9200;0.7136;cab___hack___taxi___taxicab
469;0.8400;0.6650;caldron___cauldron
470;0.7000;0.3131;candle___taper___wax_light
471;0.9600;0.7098;cannon
472;1.0000;0.3259;canoe
473;0.9200;0.7342;can_opener___tin_opener
474;0.9000;0.8365;cardigan
475;0.9600;0.7152;car_mirror
476;1.0000;0.9104;carousel___carrousel___merry-go-round___roundabout___whirligig
477;0.7800;0.8968;carpenter's_kit___tool_kit
478;0.7200;0.8133;carton
479;0.9800;0.4362;car_wheel
480;0.9200;0.7026;cash_machine___cash_dispenser___automated_teller_machine___automatic_teller_machine___automated_teller___automatic_teller___ATM
481;0.9000;0.5620;cassette
482;0.9800;0.8662;cassette_player
483;0.9000;0.7557;castle
484;0.9600;0.7412;catamaran
485;0.8600;0.7461;CD_player
486;0.9600;0.6950;cello___violoncello
487;0.9200;0.6980;cellular_telephone___cellular_phone___cellphone___cell___mobile_phone
488;0.8600;0.6422;chain
489;0.8800;0.8578;chainlink_fence
490;0.9400;0.8622;chain_mail___ring_mail___mail___chain_armor___chain_armour___ring_armor___ring_armour
491;0.9800;0.5623;chain_saw___chainsaw
492;0.9400;0.9173;chest
493;0.6800;0.8571;chiffonier___commode
494;0.8800;0.6392;chime___bell___gong
495;0.9600;0.8474;china_cabinet___china_closet
496;1.0000;0.8457;Christmas_stocking
497;0.9400;0.8234;church___church_building
498;0.8800;0.9078;cinema___movie_theater___movie_theatre___movie_house___picture_palace
499;0.9000;0.5560;cleaver___meat_cleaver___chopper
500;1.0000;0.5186;cliff_dwelling
501;0.7000;0.7257;cloak
502;0.9000;0.7313;clog___geta___patten___sabot
503;0.8600;0.6755;cocktail_shaker
504;0.7800;0.7309;coffee_mug
505;0.8800;0.7704;coffeepot
506;0.9400;0.8888;coil___spiral___volute___whorl___helix
507;0.9200;0.7157;combination_lock
508;0.8600;0.7781;computer_keyboard___keypad
509;0.9200;0.8544;confectionery___confectionary___candy_store
510;1.0000;0.6769;container_ship___containership___container_vessel
511;1.0000;0.7957;convertible
512;1.0000;0.8426;corkscrew___bottle_screw
513;0.9800;0.5012;cornet___horn___trumpet___trump
514;0.9000;0.6670;cowboy_boot
515;0.9000;0.5092;cowboy_hat___ten-gallon_hat
516;0.8600;0.8484;cradle
517;0.9400;0.7654;crane
518;0.9800;0.8166;crash_helmet
519;0.8400;0.6972;crate
520;1.0000;0.8954;crib___cot
521;0.9200;0.8778;Crock_Pot
522;1.0000;0.2270;croquet_ball
523;0.8200;0.5117;crutch
524;0.9200;0.6849;cuirass
525;0.9400;0.6613;dam___dike___dyke
526;0.9200;0.6970;desk
527;0.9800;0.7034;desktop_computer
528;0.9600;0.8843;dial_telephone___dial_phone
529;0.9000;0.2655;diaper___nappy___napkin
530;0.8800;0.6268;digital_clock
531;0.8800;0.7921;digital_watch
532;0.9200;0.7792;dining_table___board
533;0.9800;0.9007;dishrag___dishcloth
534;0.8000;0.7788;dishwasher___dish_washer___dishwashing_machine
535;1.0000;0.6385;disk_brake___disc_brake
536;0.9600;0.4652;dock___dockage___docking_facility
537;0.9800;0.5254;dogsled___dog_sled___dog_sleigh
538;0.9600;0.5056;dome
539;0.9000;0.6337;doormat___welcome_mat
540;0.9200;0.6967;drilling_platform___offshore_rig
541;0.8200;0.4994;drum___membranophone___tympan
542;0.8600;0.5455;drumstick
543;0.9800;0.3631;dumbbell
544;0.9000;0.7731;Dutch_oven
545;0.9000;0.8879;electric_fan___blower
546;0.9600;0.7146;electric_guitar
547;0.9800;0.7457;electric_locomotive
548;1.0000;0.7650;entertainment_center
549;0.8000;0.8239;envelope
550;0.9600;0.9116;espresso_maker
551;0.9600;0.6713;face_powder
552;0.9200;0.6973;feather_boa___boa
553;0.9800;0.8349;file___file_cabinet___filing_cabinet
554;1.0000;0.4936;fireboat
555;0.8800;0.8162;fire_engine___fire_truck
556;0.8200;0.8388;fire_screen___fireguard
557;0.9200;0.2485;flagpole___flagstaff
558;0.8000;0.3918;flute___transverse_flute
559;0.9600;0.7363;folding_chair
560;0.9600;0.3333;football_helmet
561;0.9600;0.7633;forklift
562;0.9200;0.6054;fountain
563;0.9800;0.6805;fountain_pen
564;0.9600;0.8984;four-poster
565;1.0000;0.8089;freight_car
566;0.9400;0.6860;French_horn___horn
567;0.8600;0.8016;frying_pan___frypan___skillet
568;0.9800;0.8493;fur_coat
569;0.9800;0.7679;garbage_truck___dustcart
570;0.9800;0.6779;gasmask___respirator___gas_helmet
571;0.9600;0.7383;gas_pump___gasoline_pump___petrol_pump___island_dispenser
572;0.9200;0.7349;goblet
573;0.9600;0.5220;go-kart
574;0.9600;0.4209;golf_ball
575;0.9000;0.7787;golfcart___golf_cart
576;1.0000;0.5084;gondola
577;0.9400;0.6889;gong___tam-tam
578;0.9800;0.6306;gown
579;0.9600;0.8880;grand_piano___grand
580;0.9800;0.9138;greenhouse___nursery___glasshouse
581;0.8800;0.4386;grille___radiator_grille
582;0.9400;0.9734;grocery_store___grocery___food_market___market
583;0.9000;0.8494;guillotine
584;0.7200;0.6431;hair_slide
585;0.9000;0.3304;hair_spray
586;0.9200;0.8512;half_track
587;0.8600;0.6248;hammer
588;0.9000;0.8215;hamper
589;0.8600;0.5494;hand_blower___blow_dryer___blow_drier___hair_dryer___hair_drier
590;0.8600;0.7983;hand-held_computer___hand-held_microcomputer
591;0.9600;0.9272;handkerchief___hankie___hanky___hankey
592;0.8800;0.7972;hard_disc___hard_disk___fixed_disk
593;0.9800;0.3660;harmonica___mouth_organ___harp___mouth_harp
594;0.9800;0.7851;harp
595;1.0000;0.7578;harvester___reaper
596;0.9200;0.6158;hatchet
597;0.8400;0.6422;holster
598;0.8600;0.5676;home_theater___home_theatre
599;0.8200;0.8022;honeycomb
600;0.7200;0.4635;hook___claw
601;0.9400;0.7173;hoopskirt___crinoline
602;0.9800;0.2303;horizontal_bar___high_bar
603;0.9800;0.7207;horse_cart___horse-cart
604;0.9800;0.8198;hourglass
605;0.9600;0.6890;iPod
606;0.9600;0.7569;iron___smoothing_iron
607;0.9600;0.6836;jack-o-lantern
608;0.8400;0.6661;jean___blue_jean___denim
609;0.9400;0.7774;jeep___landrover
610;0.9600;0.9074;jersey___T-shirt___tee_shirt
611;0.9800;0.7598;jigsaw_puzzle
612;1.0000;0.7845;jinrikisha___ricksha___rickshaw
613;0.9800;0.7256;joystick
614;0.9800;0.7192;kimono
615;0.8600;0.7804;knee_pad
616;0.8800;0.4155;knot
617;0.9800;0.7483;lab_coat___laboratory_coat
618;0.8000;0.5699;ladle
619;0.8600;0.6259;lampshade___lamp_shade
620;0.9000;0.7549;laptop___laptop_computer
621;0.9800;0.7398;lawn_mower___mower
622;0.8200;0.3999;lens_cap___lens_cover
623;0.7000;0.5107;letter_opener___paper_knife___paperknife
624;0.9600;0.8239;library
625;0.9800;0.6778;lifeboat
626;0.9600;0.5626;lighter___light___igniter___ignitor
627;0.9000;0.7558;limousine___limo
628;0.9600;0.7547;liner___ocean_liner
629;0.9400;0.4865;lipstick___lip_rouge
630;0.9600;0.5634;Loafer
631;0.9600;0.7421;lotion
632;0.8200;0.6803;loudspeaker___speaker___speaker_unit___loudspeaker_system___speaker_system
633;0.7400;0.5137;loupe___jeweler's_loupe
634;0.9200;0.8623;lumbermill___sawmill
635;0.8400;0.8123;magnetic_compass
636;0.9200;0.9031;mailbag___postbag
637;0.9400;0.7350;mailbox___letter_box
638;0.9600;0.5253;maillot
639;0.9400;0.3949;maillot___tank_suit
640;0.9800;0.8593;manhole_cover
641;0.9200;0.8250;maraca
642;0.9800;0.6350;marimba___xylophone
643;0.8200;0.5477;mask
644;0.9200;0.3726;matchstick
645;1.0000;0.4867;maypole
646;0.9200;0.8259;maze___labyrinth
647;0.8600;0.7565;measuring_cup
648;0.9200;0.7307;medicine_chest___medicine_cabinet
649;0.9200;0.5319;megalith___megalithic_structure
650;0.8000;0.4499;microphone___mike
651;0.8200;0.5488;microwave___microwave_oven
652;0.9000;0.8075;military_uniform
653;0.8600;0.6600;milk_can
654;0.9600;0.8508;minibus
655;0.8200;0.2304;miniskirt___mini
656;0.8000;0.8266;minivan
657;0.9400;0.5669;missile
658;0.8800;0.8507;mitten
659;0.9200;0.7714;mixing_bowl
660;0.9200;0.6847;mobile_home___manufactured_home
661;1.0000;0.9408;Model_T
662;0.9000;0.6798;modem
663;0.9000;0.9060;monastery
664;0.9000;0.5141;monitor
665;0.9600;0.7353;moped
666;0.9800;0.8488;mortar
667;0.9000;0.6111;mortarboard
668;1.0000;0.8280;mosque
669;0.9800;0.8971;mosquito_net
670;1.0000;0.8008;motor_scooter___scooter
671;0.9200;0.5427;mountain_bike___all-terrain_bike___off-roader
672;0.9800;0.5658;mountain_tent
673;0.9600;0.3274;mouse___computer_mouse
674;0.9200;0.6850;mousetrap
675;0.8000;0.7947;moving_van
676;0.8800;0.4697;muzzle
677;0.8000;0.2639;nail
678;0.7600;0.3268;neck_brace
679;1.0000;0.7750;necklace
680;0.9800;0.4224;nipple
681;0.8800;0.7731;notebook___notebook_computer
682;0.9600;0.5515;obelisk
683;0.8800;0.5978;oboe___hautboy___hautbois
684;0.9400;0.6162;ocarina___sweet_potato
685;1.0000;0.7172;odometer___hodometer___mileometer___milometer
686;0.9000;0.6864;oil_filter
687;0.9200;0.7098;organ___pipe_organ
688;1.0000;0.9093;oscilloscope___scope___cathode-ray_oscilloscope___CRO
689;0.8000;0.7247;overskirt
690;0.9600;0.7624;oxcart
691;0.9200;0.3980;oxygen_mask
692;0.8000;0.8411;packet
693;0.9600;0.4221;paddle___boat_paddle
694;0.9400;0.7517;paddlewheel___paddle_wheel
695;0.9600;0.6208;padlock
696;0.9200;0.6425;paintbrush
697;0.9200;0.7943;pajama___pyjama___pj's___jammies
698;0.9800;0.8611;palace
699;0.9200;0.6274;panpipe___pandean_pipe___syrinx
700;0.8600;0.6688;paper_towel
701;0.9600;0.4957;parachute___chute
702;0.9800;0.5237;parallel_bars___bars
703;0.9200;0.6503;park_bench
704;1.0000;0.6871;parking_meter
705;0.9200;0.8018;passenger_car___coach___carriage
706;0.8200;0.6398;patio___terrace
707;0.9600;0.6673;pay-phone___pay-station
708;0.9400;0.5539;pedestal___plinth___footstall
709;0.9200;0.7944;pencil_box___pencil_case
710;0.8600;0.4860;pencil_sharpener
711;0.9400;0.7158;perfume___essence
712;0.8600;0.7886;Petri_dish
713;1.0000;0.9346;photocopier
714;0.9200;0.5277;pick___plectrum___plectron
715;0.8800;0.1296;pickelhaube
716;0.9600;0.7505;picket_fence___paling
717;0.9400;0.8522;pickup___pickup_truck
718;0.9200;0.6297;pier
719;0.9400;0.7802;piggy_bank___penny_bank
720;0.9200;0.5985;pill_bottle
721;0.9400;0.8556;pillow
722;0.9400;0.0735;ping-pong_ball
723;0.9400;0.6987;pinwheel
724;0.9400;0.7810;pirate___pirate_ship
725;0.8800;0.7369;pitcher___ewer
726;0.9400;0.7997;plane___carpenter's_plane___woodworking_plane
727;1.0000;0.7529;planetarium
728;0.7400;0.6293;plastic_bag
729;0.7600;0.7439;plate_rack
730;0.9200;0.6436;plow___plough
731;0.8400;0.4019;plunger___plumber's_helper
732;0.9600;0.8192;Polaroid_camera___Polaroid_Land_camera
733;0.9200;0.2849;pole
734;0.9000;0.8149;police_van___police_wagon___paddy_wagon___patrol_wagon___wagon___black_Maria
735;0.8800;0.8804;poncho
736;0.9400;0.7160;pool_table___billiard_table___snooker_table
737;0.9400;0.6075;pop_bottle___soda_bottle
738;0.9600;0.6597;pot___flowerpot
739;0.9600;0.5574;potter's_wheel
740;0.7800;0.5561;power_drill
741;0.8800;0.8046;prayer_rug___prayer_mat
742;0.9200;0.7869;printer
743;0.9800;0.8472;prison___prison_house
744;0.9600;0.5693;projectile___missile
745;0.8400;0.8417;projector
746;0.9600;0.2636;puck___hockey_puck
747;0.9000;0.4742;punching_bag___punch_bag___punching_ball___punchball
748;0.9000;0.8230;purse
749;0.9600;0.6243;quill___quill_pen
750;0.8800;0.7245;quilt___comforter___comfort___puff
751;0.9600;0.5495;racer___race_car___racing_car
752;0.9400;0.2570;racket___racquet
753;0.9200;0.7772;radiator
754;0.9400;0.8328;radio___wireless
755;0.9600;0.7023;radio_telescope___radio_reflector
756;0.9400;0.4778;rain_barrel
757;0.9800;0.8319;recreational_vehicle___RV___R.V.
758;0.8800;0.4546;reel
759;0.9600;0.7676;reflex_camera
760;0.9600;0.8785;refrigerator___icebox
761;0.9400;0.7264;remote_control___remote
762;0.6800;0.9684;restaurant___eating_house___eating_place___eatery
763;1.0000;0.8661;revolver___six-gun___six-shooter
764;0.8200;0.6059;rifle
765;0.9200;0.7462;rocking_chair___rocker
766;0.9200;0.7945;rotisserie
767;0.8600;0.2672;rubber_eraser___rubber___pencil_eraser
768;0.9800;0.2284;rugby_ball
769;0.9000;0.7291;rule___ruler
770;0.9600;0.7909;running_shoe
771;0.9200;0.8923;safe
772;0.7600;0.4561;safety_pin
773;0.8800;0.7642;saltshaker___salt_shaker
774;0.9000;0.7048;sandal
775;0.8400;0.4605;sarong
776;0.9200;0.4719;sax___saxophone
777;0.9400;0.8445;scabbard
778;0.8800;0.8155;scale___weighing_machine
779;1.0000;0.7410;school_bus
780;1.0000;0.8378;schooner
781;1.0000;0.5174;scoreboard
782;0.8000;0.4946;screen___CRT_screen
783;1.0000;0.5490;screw
784;0.6800;0.4094;screwdriver
785;0.9400;0.5389;seat_belt___seatbelt
786;0.9200;0.8011;sewing_machine
787;0.8200;0.7620;shield___buckler
788;1.0000;0.8585;shoe_shop___shoe-shop___shoe_store
789;1.0000;0.5522;shoji
790;0.9000;0.7695;shopping_basket
791;0.9400;0.6868;shopping_cart
792;0.8600;0.5559;shovel
793;0.9200;0.3968;shower_cap
794;0.9600;0.8566;shower_curtain
795;0.9600;0.2950;ski
796;0.9400;0.5527;ski_mask
797;0.8400;0.8641;sleeping_bag
798;0.8800;0.7357;slide_rule___slipstick
799;0.8000;0.5156;sliding_door
800;0.9600;0.7966;slot___one-armed_bandit
801;1.0000;0.2299;snorkel
802;1.0000;0.5280;snowmobile
803;0.9600;0.6313;snowplow___snowplough
804;0.9400;0.5829;soap_dispenser
805;0.9800;0.5971;soccer_ball
806;0.7800;0.6549;sock
807;0.8800;0.7419;solar_dish___solar_collector___solar_furnace
808;0.9000;0.5843;sombrero
809;0.9400;0.8960;soup_bowl
810;0.8600;0.1575;space_bar
811;0.8600;0.6856;space_heater
812;0.9800;0.5573;space_shuttle
813;0.8800;0.6439;spatula
814;1.0000;0.5051;speedboat
815;0.9200;0.9514;spider_web___spider's_web
816;1.0000;0.8081;spindle
817;0.9600;0.7296;sports_car___sport_car
818;0.6400;0.4878;spotlight___spot
819;0.9000;0.7990;stage
820;1.0000;0.7198;steam_locomotive
821;0.9800;0.7081;steel_arch_bridge
822;0.9400;0.4512;steel_drum
823;0.9200;0.6056;stethoscope
824;0.9200;0.8667;stole
825;0.9200;0.8676;stone_wall
826;0.9200;0.8114;stopwatch___stop_watch
827;0.8600;0.7633;stove
828;0.8600;0.7806;strainer
829;0.9600;0.6166;streetcar___tram___tramcar___trolley___trolley_car
830;0.8600;0.4903;stretcher
831;0.9800;0.7264;studio_couch___day_bed
832;0.9600;0.6495;stupa___tope
833;0.9600;0.7964;submarine___pigboat___sub___U-boat
834;0.9000;0.6493;suit___suit_of_clothes
835;0.9000;0.7382;sundial
836;0.8400;0.3693;sunglass
837;0.7400;0.2483;sunglasses___dark_glasses___shades
838;0.8000;0.4872;sunscreen___sunblock___sun_blocker
839;0.9200;0.8084;suspension_bridge
840;1.0000;0.7212;swab___swob___mop
841;0.8000;0.8777;sweatshirt
842;0.8800;0.1650;swimming_trunks___bathing_trunks
843;0.9600;0.5777;swing
844;0.8600;0.2559;switch___electric_switch___electrical_switch
845;0.8800;0.5403;syringe
846;0.9400;0.6832;table_lamp
847;0.9800;0.8720;tank___army_tank___armored_combat_vehicle___armoured_combat_vehicle
848;0.9600;0.7295;tape_player
849;1.0000;0.8642;teapot
850;0.9600;0.8134;teddy___teddy_bear
851;0.9000;0.6411;television___television_system
852;0.9400;0.4446;tennis_ball
853;0.9400;0.6666;thatch___thatched_roof
854;0.9200;0.7602;theater_curtain___theatre_curtain
855;0.8000;0.4454;thimble
856;0.9800;0.7652;thresher___thrasher___threshing_machine
857;0.8800;0.6177;throne
858;0.9200;0.7500;tile_roof
859;0.8800;0.7750;toaster
860;0.8600;0.8817;tobacco_shop___tobacconist_shop___tobacconist
861;0.9600;0.6237;toilet_seat
862;0.8800;0.3551;torch
863;1.0000;0.7130;totem_pole
864;0.9200;0.7479;tow_truck___tow_car___wrecker
865;1.0000;0.9658;toyshop
866;0.9800;0.8121;tractor
867;0.9600;0.5171;trailer_truck___tractor_trailer___trucking_rig___rig___articulated_lorry___semi
868;0.7800;0.8868;tray
869;0.9000;0.7522;trench_coat
870;0.9800;0.7238;tricycle___trike___velocipede
871;0.9800;0.7894;trimaran
872;0.9600;0.6212;tripod
873;0.9600;0.6820;triumphal_arch
874;1.0000;0.6351;trolleybus___trolley_coach___trackless_trolley
875;0.9200;0.6159;trombone
876;0.8800;0.7423;tub___vat
877;0.9600;0.6446;turnstile
878;1.0000;0.6301;typewriter_keyboard
879;0.8600;0.5417;umbrella
880;0.9400;0.3185;unicycle___monocycle
881;0.9400;0.9366;upright___upright_piano
882;0.9200;0.6621;vacuum___vacuum_cleaner
883;0.8200;0.6340;vase
884;0.9800;0.5856;vault
885;0.5400;0.8554;velvet
886;1.0000;0.8773;vending_machine
887;0.8000;0.7364;vestment
888;0.9400;0.7403;viaduct
889;0.9200;0.6262;violin___fiddle
890;1.0000;0.0814;volleyball
891;0.8400;0.8424;waffle_iron
892;0.9200;0.6815;wall_clock
893;0.8800;0.8305;wallet___billfold___notecase___pocketbook
894;0.8800;0.8980;wardrobe___closet___press
895;0.9800;0.7284;warplane___military_plane
896;0.9800;0.7310;washbasin___handbasin___washbowl___lavabo___wash-hand_basin
897;0.9000;0.7912;washer___automatic_washer___washing_machine
898;0.8000;0.5386;water_bottle
899;0.8800;0.7423;water_jug
900;0.9800;0.6396;water_tower
901;0.7600;0.7497;whiskey_jug
902;0.9200;0.5405;whistle
903;0.9400;0.7833;wig
904;0.8400;0.8603;window_screen
905;0.8400;0.7155;window_shade
906;0.6600;0.3583;Windsor_tie
907;0.9000;0.5745;wine_bottle
908;0.9800;0.3686;wing
909;0.9200;0.7545;wok
910;0.9600;0.6431;wooden_spoon
911;0.8600;0.8952;wool___woolen___woollen
912;0.9200;0.8033;worm_fence___snake_fence___snake-rail_fence___Virginia_fence
913;0.9800;0.7633;wreck
914;0.9800;0.6673;yawl
915;1.0000;0.7245;yurt
916;1.0000;0.9676;web_site___website___internet_site___site
917;0.9000;0.7210;comic_book
918;0.9400;0.6282;crossword_puzzle___crossword
919;0.9200;0.5281;street_sign
920;0.9600;0.2996;traffic_light___traffic_signal___stoplight
921;0.9000;0.9298;book_jacket___dust_cover___dust_jacket___dust_wrapper
922;0.9800;0.9014;menu
923;0.8800;0.8235;plate
924;0.9600;0.6820;guacamole
925;0.8800;0.7418;consomme
926;1.0000;0.7375;hot_pot___hotpot
927;0.9800;0.8293;trifle
928;0.9200;0.6590;ice_cream___icecream
929;0.9000;0.3513;ice_lolly___lolly___lollipop___popsicle
930;0.9200;0.6890;French_loaf
931;0.9600;0.7735;bagel___beigel
932;0.9400;0.6767;pretzel
933;1.0000;0.8217;cheeseburger
934;0.9800;0.7214;hotdog___hot_dog___red_hot
935;0.8800;0.7480;mashed_potato
936;0.9800;0.6681;head_cabbage
937;0.9800;0.7118;broccoli
938;1.0000;0.7071;cauliflower
939;0.9600;0.4984;zucchini___courgette
940;0.9800;0.8168;spaghetti_squash
941;0.9800;0.7744;acorn_squash
942;0.9400;0.6810;butternut_squash
943;0.9600;0.5525;cucumber___cuke
944;0.9600;0.8211;artichoke___globe_artichoke
945;0.9800;0.5507;bell_pepper
946;0.9400;0.7803;cardoon
947;1.0000;0.6290;mushroom
948;0.9800;0.6494;Granny_Smith
949;0.8400;0.4686;strawberry
950;0.9400;0.5823;orange
951;0.9800;0.5694;lemon
952;0.9600;0.6848;fig
953;0.9800;0.6964;pineapple___ananas
954;1.0000;0.5340;banana
955;0.9800;0.6224;jackfruit___jak___jack
956;1.0000;0.6973;custard_apple
957;0.9200;0.7047;pomegranate
958;0.9200;0.4022;hay
959;0.9600;0.7937;carbonara
960;0.7600;0.6971;chocolate_sauce___chocolate_syrup
961;0.8000;0.6022;dough
962;0.8400;0.6180;meat_loaf___meatloaf
963;0.8600;0.8227;pizza___pizza_pie
964;0.9000;0.7913;potpie
965;0.9800;0.7109;burrito
966;0.8400;0.5284;red_wine
967;0.8800;0.6802;espresso
968;0.8200;0.6351;cup
969;0.7800;0.6678;eggnog
970;0.9200;0.4676;alp
971;0.9800;0.3652;bubble
972;1.0000;0.8068;cliff___drop___drop-off
973;0.9400;0.5415;coral_reef
974;1.0000;0.4108;geyser
975;0.8400;0.5054;lakeside___lakeshore
976;0.9200;0.6297;promontory___headland___head___foreland
977;0.9000;0.5806;sandbar___sand_bar
978;0.8400;0.6795;seashore___coast___seacoast___sea-coast
979;1.0000;0.7443;valley___vale
980;0.9400;0.5685;volcano
981;0.9200;0.6543;ballplayer___baseball_player
982;0.9200;0.6747;groom___bridegroom
983;0.9600;0.7049;scuba_diver
984;1.0000;0.5905;rapeseed
985;0.9800;0.7799;daisy
986;1.0000;0.5215;yellow_lady's_slipper___yellow_lady-slipper___Cypripedium_calceolus___Cypripedium_parviflorum
987;0.9600;0.5765;corn
988;1.0000;0.4852;acorn
989;0.9800;0.4327;hip___rose_hip___rosehip
990;0.9800;0.6109;buckeye___horse_chestnut___conker
991;0.9400;0.7135;coral_fungus
992;0.9400;0.6683;agaric
993;1.0000;0.7193;gyromitra
994;0.9800;0.7300;stinkhorn___carrion_fungus
995;1.0000;0.7323;earthstar
996;0.9600;0.8299;hen-of-the-woods___hen_of_the_woods___Polyporus_frondosus___Grifola_frondosa
997;0.9800;0.7295;bolete
998;0.9600;0.6092;ear___spike___capitulum
999;0.8400;0.4981;toilet_tissue___toilet_paper___bathroom_tissue
